Sample_ID	sR1	sR2
A21_2022	/prj/DECODE/ea_analysis/data/reads/A21_2022_filtered.R1.fq	/prj/DECODE/ea_analysis/data/reads/A21_2022_filtered.R2.fq
A27_2023	/prj/DECODE/ea_analysis/data/reads/A27_2023_filtered.R1.fq	/prj/DECODE/ea_analysis/data/reads/A27_2023_filtered.R2.fq
A29_2023	/prj/DECODE/ea_analysis/data/reads/A29_2023_filtered.R1.fq	/prj/DECODE/ea_analysis/data/reads/A29_2023_filtered.R2.fq
A30_2022	/prj/DECODE/ea_analysis/data/reads/A30_2022_filtered.R1.fq	/prj/DECODE/ea_analysis/data/reads/A30_2022_filtered.R2.fq
A30_2023	/prj/DECODE/ea_analysis/data/reads/A30_2023_filtered.R1.fq	/prj/DECODE/ea_analysis/data/reads/A30_2023_filtered.R2.fq
A3_2022	/prj/DECODE/ea_analysis/data/reads/A3_2022_filtered.R1.fq	/prj/DECODE/ea_analysis/data/reads/A3_2022_filtered.R2.fq
A3_2023	/prj/DECODE/ea_analysis/data/reads/A3_2023_filtered.R1.fq	/prj/DECODE/ea_analysis/data/reads/A3_2023_filtered.R2.fq
A39_2021	/prj/DECODE/ea_analysis/data/reads/A39_2021_filtered.R1.fq	/prj/DECODE/ea_analysis/data/reads/A39_2021_filtered.R2.fq
A43_2021	/prj/DECODE/ea_analysis/data/reads/A43_2021_filtered.R1.fq	/prj/DECODE/ea_analysis/data/reads/A43_2021_filtered.R2.fq
A44_2021	/prj/DECODE/ea_analysis/data/reads/A44_2021_filtered.R1.fq	/prj/DECODE/ea_analysis/data/reads/A44_2021_filtered.R2.fq
A53_2023	/prj/DECODE/ea_analysis/data/reads/A53_2023_filtered.R1.fq	/prj/DECODE/ea_analysis/data/reads/A53_2023_filtered.R2.fq
A54_2022	/prj/DECODE/ea_analysis/data/reads/A54_2022_filtered.R1.fq	/prj/DECODE/ea_analysis/data/reads/A54_2022_filtered.R2.fq
A57_2023	/prj/DECODE/ea_analysis/data/reads/A57_2023_filtered.R1.fq	/prj/DECODE/ea_analysis/data/reads/A57_2023_filtered.R2.fq
A59_2023	/prj/DECODE/ea_analysis/data/reads/A59_2023_filtered.R1.fq	/prj/DECODE/ea_analysis/data/reads/A59_2023_filtered.R2.fq
A60_2021	/prj/DECODE/ea_analysis/data/reads/A60_2021_filtered.R1.fq	/prj/DECODE/ea_analysis/data/reads/A60_2021_filtered.R2.fq
A60_2022	/prj/DECODE/ea_analysis/data/reads/A60_2022_filtered.R1.fq	/prj/DECODE/ea_analysis/data/reads/A60_2022_filtered.R2.fq
A60_2023	/prj/DECODE/ea_analysis/data/reads/A60_2023_filtered.R1.fq	/prj/DECODE/ea_analysis/data/reads/A60_2023_filtered.R2.fq
A6_2021	/prj/DECODE/ea_analysis/data/reads/A6_2021_filtered.R1.fq	/prj/DECODE/ea_analysis/data/reads/A6_2021_filtered.R2.fq
A62_2022	/prj/DECODE/ea_analysis/data/reads/A62_2022_filtered.R1.fq	/prj/DECODE/ea_analysis/data/reads/A62_2022_filtered.R2.fq
A7_2021	/prj/DECODE/ea_analysis/data/reads/A7_2021_filtered.R1.fq	/prj/DECODE/ea_analysis/data/reads/A7_2021_filtered.R2.fq
A7_2023	/prj/DECODE/ea_analysis/data/reads/A7_2023_filtered.R1.fq	/prj/DECODE/ea_analysis/data/reads/A7_2023_filtered.R2.fq
B10_2021	/prj/DECODE/ea_analysis/data/reads/B10_2021_filtered.R1.fq	/prj/DECODE/ea_analysis/data/reads/B10_2021_filtered.R2.fq
B1_2022	/prj/DECODE/ea_analysis/data/reads/B1_2022_filtered.R1.fq	/prj/DECODE/ea_analysis/data/reads/B1_2022_filtered.R2.fq
B12_2021	/prj/DECODE/ea_analysis/data/reads/B12_2021_filtered.R1.fq	/prj/DECODE/ea_analysis/data/reads/B12_2021_filtered.R2.fq
B12_2022	/prj/DECODE/ea_analysis/data/reads/B12_2022_filtered.R1.fq	/prj/DECODE/ea_analysis/data/reads/B12_2022_filtered.R2.fq
B12_2023	/prj/DECODE/ea_analysis/data/reads/B12_2023_filtered.R1.fq	/prj/DECODE/ea_analysis/data/reads/B12_2023_filtered.R2.fq
B13_2021	/prj/DECODE/ea_analysis/data/reads/B13_2021_filtered.R1.fq	/prj/DECODE/ea_analysis/data/reads/B13_2021_filtered.R2.fq
B14_2022	/prj/DECODE/ea_analysis/data/reads/B14_2022_filtered.R1.fq	/prj/DECODE/ea_analysis/data/reads/B14_2022_filtered.R2.fq
B17_2021	/prj/DECODE/ea_analysis/data/reads/B17_2021_filtered.R1.fq	/prj/DECODE/ea_analysis/data/reads/B17_2021_filtered.R2.fq
B18_2021	/prj/DECODE/ea_analysis/data/reads/B18_2021_filtered.R1.fq	/prj/DECODE/ea_analysis/data/reads/B18_2021_filtered.R2.fq
B18_2023	/prj/DECODE/ea_analysis/data/reads/B18_2023_filtered.R1.fq	/prj/DECODE/ea_analysis/data/reads/B18_2023_filtered.R2.fq
B20_2023	/prj/DECODE/ea_analysis/data/reads/B20_2023_filtered.R1.fq	/prj/DECODE/ea_analysis/data/reads/B20_2023_filtered.R2.fq
B23_2021	/prj/DECODE/ea_analysis/data/reads/B23_2021_filtered.R1.fq	/prj/DECODE/ea_analysis/data/reads/B23_2021_filtered.R2.fq
B24_2021	/prj/DECODE/ea_analysis/data/reads/B24_2021_filtered.R1.fq	/prj/DECODE/ea_analysis/data/reads/B24_2021_filtered.R2.fq
B25_2021	/prj/DECODE/ea_analysis/data/reads/B25_2021_filtered.R1.fq	/prj/DECODE/ea_analysis/data/reads/B25_2021_filtered.R2.fq
B25_2022	/prj/DECODE/ea_analysis/data/reads/B25_2022_filtered.R1.fq	/prj/DECODE/ea_analysis/data/reads/B25_2022_filtered.R2.fq
B29_2021	/prj/DECODE/ea_analysis/data/reads/B29_2021_filtered.R1.fq	/prj/DECODE/ea_analysis/data/reads/B29_2021_filtered.R2.fq
B30_2023	/prj/DECODE/ea_analysis/data/reads/B30_2023_filtered.R1.fq	/prj/DECODE/ea_analysis/data/reads/B30_2023_filtered.R2.fq
B31_2021	/prj/DECODE/ea_analysis/data/reads/B31_2021_filtered.R1.fq	/prj/DECODE/ea_analysis/data/reads/B31_2021_filtered.R2.fq
B36_2023	/prj/DECODE/ea_analysis/data/reads/B36_2023_filtered.R1.fq	/prj/DECODE/ea_analysis/data/reads/B36_2023_filtered.R2.fq
B37_2021	/prj/DECODE/ea_analysis/data/reads/B37_2021_filtered.R1.fq	/prj/DECODE/ea_analysis/data/reads/B37_2021_filtered.R2.fq
B38_2022	/prj/DECODE/ea_analysis/data/reads/B38_2022_filtered.R1.fq	/prj/DECODE/ea_analysis/data/reads/B38_2022_filtered.R2.fq
B39_2023	/prj/DECODE/ea_analysis/data/reads/B39_2023_filtered.R1.fq	/prj/DECODE/ea_analysis/data/reads/B39_2023_filtered.R2.fq
B43_2021	/prj/DECODE/ea_analysis/data/reads/B43_2021_filtered.R1.fq	/prj/DECODE/ea_analysis/data/reads/B43_2021_filtered.R2.fq
B47_2021	/prj/DECODE/ea_analysis/data/reads/B47_2021_filtered.R1.fq	/prj/DECODE/ea_analysis/data/reads/B47_2021_filtered.R2.fq
B48_2021	/prj/DECODE/ea_analysis/data/reads/B48_2021_filtered.R1.fq	/prj/DECODE/ea_analysis/data/reads/B48_2021_filtered.R2.fq
B5_2022	/prj/DECODE/ea_analysis/data/reads/B5_2022_filtered.R1.fq	/prj/DECODE/ea_analysis/data/reads/B5_2022_filtered.R2.fq
B5_2023	/prj/DECODE/ea_analysis/data/reads/B5_2023_filtered.R1.fq	/prj/DECODE/ea_analysis/data/reads/B5_2023_filtered.R2.fq
B57_2022	/prj/DECODE/ea_analysis/data/reads/B57_2022_filtered.R1.fq	/prj/DECODE/ea_analysis/data/reads/B57_2022_filtered.R2.fq
B58_2022	/prj/DECODE/ea_analysis/data/reads/B58_2022_filtered.R1.fq	/prj/DECODE/ea_analysis/data/reads/B58_2022_filtered.R2.fq
B59_2023	/prj/DECODE/ea_analysis/data/reads/B59_2023_filtered.R1.fq	/prj/DECODE/ea_analysis/data/reads/B59_2023_filtered.R2.fq
B60_2022	/prj/DECODE/ea_analysis/data/reads/B60_2022_filtered.R1.fq	/prj/DECODE/ea_analysis/data/reads/B60_2022_filtered.R2.fq
B63_2022	/prj/DECODE/ea_analysis/data/reads/B63_2022_filtered.R1.fq	/prj/DECODE/ea_analysis/data/reads/B63_2022_filtered.R2.fq
B64_2022	/prj/DECODE/ea_analysis/data/reads/B64_2022_filtered.R1.fq	/prj/DECODE/ea_analysis/data/reads/B64_2022_filtered.R2.fq
B64_2023	/prj/DECODE/ea_analysis/data/reads/B64_2023_filtered.R1.fq	/prj/DECODE/ea_analysis/data/reads/B64_2023_filtered.R2.fq
B66_2023	/prj/DECODE/ea_analysis/data/reads/B66_2023_filtered.R1.fq	/prj/DECODE/ea_analysis/data/reads/B66_2023_filtered.R2.fq
B7_2022	/prj/DECODE/ea_analysis/data/reads/B7_2022_filtered.R1.fq	/prj/DECODE/ea_analysis/data/reads/B7_2022_filtered.R2.fq
C10_2021	/prj/DECODE/ea_analysis/data/reads/C10_2021_filtered.R1.fq	/prj/DECODE/ea_analysis/data/reads/C10_2021_filtered.R2.fq
C19_2023	/prj/DECODE/ea_analysis/data/reads/C19_2023_filtered.R1.fq	/prj/DECODE/ea_analysis/data/reads/C19_2023_filtered.R2.fq
C20_2023	/prj/DECODE/ea_analysis/data/reads/C20_2023_filtered.R1.fq	/prj/DECODE/ea_analysis/data/reads/C20_2023_filtered.R2.fq
C25_2022	/prj/DECODE/ea_analysis/data/reads/C25_2022_filtered.R1.fq	/prj/DECODE/ea_analysis/data/reads/C25_2022_filtered.R2.fq
C27_2022	/prj/DECODE/ea_analysis/data/reads/C27_2022_filtered.R1.fq	/prj/DECODE/ea_analysis/data/reads/C27_2022_filtered.R2.fq
C37_2021	/prj/DECODE/ea_analysis/data/reads/C37_2021_filtered.R1.fq	/prj/DECODE/ea_analysis/data/reads/C37_2021_filtered.R2.fq
C39_2022	/prj/DECODE/ea_analysis/data/reads/C39_2022_filtered.R1.fq	/prj/DECODE/ea_analysis/data/reads/C39_2022_filtered.R2.fq
C40_2021	/prj/DECODE/ea_analysis/data/reads/C40_2021_filtered.R1.fq	/prj/DECODE/ea_analysis/data/reads/C40_2021_filtered.R2.fq
C43_2022	/prj/DECODE/ea_analysis/data/reads/C43_2022_filtered.R1.fq	/prj/DECODE/ea_analysis/data/reads/C43_2022_filtered.R2.fq
C46_2023	/prj/DECODE/ea_analysis/data/reads/C46_2023_filtered.R1.fq	/prj/DECODE/ea_analysis/data/reads/C46_2023_filtered.R2.fq
C48_2022	/prj/DECODE/ea_analysis/data/reads/C48_2022_filtered.R1.fq	/prj/DECODE/ea_analysis/data/reads/C48_2022_filtered.R2.fq
C49_2021	/prj/DECODE/ea_analysis/data/reads/C49_2021_filtered.R1.fq	/prj/DECODE/ea_analysis/data/reads/C49_2021_filtered.R2.fq
C49_2023	/prj/DECODE/ea_analysis/data/reads/C49_2023_filtered.R1.fq	/prj/DECODE/ea_analysis/data/reads/C49_2023_filtered.R2.fq
C51_2023	/prj/DECODE/ea_analysis/data/reads/C51_2023_filtered.R1.fq	/prj/DECODE/ea_analysis/data/reads/C51_2023_filtered.R2.fq
C53_2021	/prj/DECODE/ea_analysis/data/reads/C53_2021_filtered.R1.fq	/prj/DECODE/ea_analysis/data/reads/C53_2021_filtered.R2.fq
C57_2023	/prj/DECODE/ea_analysis/data/reads/C57_2023_filtered.R1.fq	/prj/DECODE/ea_analysis/data/reads/C57_2023_filtered.R2.fq
C58_2022	/prj/DECODE/ea_analysis/data/reads/C58_2022_filtered.R1.fq	/prj/DECODE/ea_analysis/data/reads/C58_2022_filtered.R2.fq
C61_2021	/prj/DECODE/ea_analysis/data/reads/C61_2021_filtered.R1.fq	/prj/DECODE/ea_analysis/data/reads/C61_2021_filtered.R2.fq
C62_2021	/prj/DECODE/ea_analysis/data/reads/C62_2021_filtered.R1.fq	/prj/DECODE/ea_analysis/data/reads/C62_2021_filtered.R2.fq
C64_2022	/prj/DECODE/ea_analysis/data/reads/C64_2022_filtered.R1.fq	/prj/DECODE/ea_analysis/data/reads/C64_2022_filtered.R2.fq
C7_2022	/prj/DECODE/ea_analysis/data/reads/C7_2022_filtered.R1.fq	/prj/DECODE/ea_analysis/data/reads/C7_2022_filtered.R2.fq
D10_2021	/prj/DECODE/ea_analysis/data/reads/D10_2021_filtered.R1.fq	/prj/DECODE/ea_analysis/data/reads/D10_2021_filtered.R2.fq
D11_2022	/prj/DECODE/ea_analysis/data/reads/D11_2022_filtered.R1.fq	/prj/DECODE/ea_analysis/data/reads/D11_2022_filtered.R2.fq
D12_2021	/prj/DECODE/ea_analysis/data/reads/D12_2021_filtered.R1.fq	/prj/DECODE/ea_analysis/data/reads/D12_2021_filtered.R2.fq
D16_2022	/prj/DECODE/ea_analysis/data/reads/D16_2022_filtered.R1.fq	/prj/DECODE/ea_analysis/data/reads/D16_2022_filtered.R2.fq
D16_2023	/prj/DECODE/ea_analysis/data/reads/D16_2023_filtered.R1.fq	/prj/DECODE/ea_analysis/data/reads/D16_2023_filtered.R2.fq
D17_2021	/prj/DECODE/ea_analysis/data/reads/D17_2021_filtered.R1.fq	/prj/DECODE/ea_analysis/data/reads/D17_2021_filtered.R2.fq
D24_2021	/prj/DECODE/ea_analysis/data/reads/D24_2021_filtered.R1.fq	/prj/DECODE/ea_analysis/data/reads/D24_2021_filtered.R2.fq
D28_2022	/prj/DECODE/ea_analysis/data/reads/D28_2022_filtered.R1.fq	/prj/DECODE/ea_analysis/data/reads/D28_2022_filtered.R2.fq
D31_2021	/prj/DECODE/ea_analysis/data/reads/D31_2021_filtered.R1.fq	/prj/DECODE/ea_analysis/data/reads/D31_2021_filtered.R2.fq
D31_2022	/prj/DECODE/ea_analysis/data/reads/D31_2022_filtered.R1.fq	/prj/DECODE/ea_analysis/data/reads/D31_2022_filtered.R2.fq
D33_2022	/prj/DECODE/ea_analysis/data/reads/D33_2022_filtered.R1.fq	/prj/DECODE/ea_analysis/data/reads/D33_2022_filtered.R2.fq
D37_2022	/prj/DECODE/ea_analysis/data/reads/D37_2022_filtered.R1.fq	/prj/DECODE/ea_analysis/data/reads/D37_2022_filtered.R2.fq
D53_2022	/prj/DECODE/ea_analysis/data/reads/D53_2022_filtered.R1.fq	/prj/DECODE/ea_analysis/data/reads/D53_2022_filtered.R2.fq
D60_2022	/prj/DECODE/ea_analysis/data/reads/D60_2022_filtered.R1.fq	/prj/DECODE/ea_analysis/data/reads/D60_2022_filtered.R2.fq
D64_2021	/prj/DECODE/ea_analysis/data/reads/D64_2021_filtered.R1.fq	/prj/DECODE/ea_analysis/data/reads/D64_2021_filtered.R2.fq
D9_2022	/prj/DECODE/ea_analysis/data/reads/D9_2022_filtered.R1.fq	/prj/DECODE/ea_analysis/data/reads/D9_2022_filtered.R2.fq
E13_2022	/prj/DECODE/ea_analysis/data/reads/E13_2022_filtered.R1.fq	/prj/DECODE/ea_analysis/data/reads/E13_2022_filtered.R2.fq
E18_2022	/prj/DECODE/ea_analysis/data/reads/E18_2022_filtered.R1.fq	/prj/DECODE/ea_analysis/data/reads/E18_2022_filtered.R2.fq
E19_2022	/prj/DECODE/ea_analysis/data/reads/E19_2022_filtered.R1.fq	/prj/DECODE/ea_analysis/data/reads/E19_2022_filtered.R2.fq
E23_2021	/prj/DECODE/ea_analysis/data/reads/E23_2021_filtered.R1.fq	/prj/DECODE/ea_analysis/data/reads/E23_2021_filtered.R2.fq
E28_2022	/prj/DECODE/ea_analysis/data/reads/E28_2022_filtered.R1.fq	/prj/DECODE/ea_analysis/data/reads/E28_2022_filtered.R2.fq
E29_2023	/prj/DECODE/ea_analysis/data/reads/E29_2023_filtered.R1.fq	/prj/DECODE/ea_analysis/data/reads/E29_2023_filtered.R2.fq
E30_2023	/prj/DECODE/ea_analysis/data/reads/E30_2023_filtered.R1.fq	/prj/DECODE/ea_analysis/data/reads/E30_2023_filtered.R2.fq
E31_2023	/prj/DECODE/ea_analysis/data/reads/E31_2023_filtered.R1.fq	/prj/DECODE/ea_analysis/data/reads/E31_2023_filtered.R2.fq
E39_2022	/prj/DECODE/ea_analysis/data/reads/E39_2022_filtered.R1.fq	/prj/DECODE/ea_analysis/data/reads/E39_2022_filtered.R2.fq
E43_2021	/prj/DECODE/ea_analysis/data/reads/E43_2021_filtered.R1.fq	/prj/DECODE/ea_analysis/data/reads/E43_2021_filtered.R2.fq
E46_2021	/prj/DECODE/ea_analysis/data/reads/E46_2021_filtered.R1.fq	/prj/DECODE/ea_analysis/data/reads/E46_2021_filtered.R2.fq
E47_2021	/prj/DECODE/ea_analysis/data/reads/E47_2021_filtered.R1.fq	/prj/DECODE/ea_analysis/data/reads/E47_2021_filtered.R2.fq
E49_2021	/prj/DECODE/ea_analysis/data/reads/E49_2021_filtered.R1.fq	/prj/DECODE/ea_analysis/data/reads/E49_2021_filtered.R2.fq
E55_2021	/prj/DECODE/ea_analysis/data/reads/E55_2021_filtered.R1.fq	/prj/DECODE/ea_analysis/data/reads/E55_2021_filtered.R2.fq
E56_2021	/prj/DECODE/ea_analysis/data/reads/E56_2021_filtered.R1.fq	/prj/DECODE/ea_analysis/data/reads/E56_2021_filtered.R2.fq
E56_2022	/prj/DECODE/ea_analysis/data/reads/E56_2022_filtered.R1.fq	/prj/DECODE/ea_analysis/data/reads/E56_2022_filtered.R2.fq
E6_2022	/prj/DECODE/ea_analysis/data/reads/E6_2022_filtered.R1.fq	/prj/DECODE/ea_analysis/data/reads/E6_2022_filtered.R2.fq
E62_2021	/prj/DECODE/ea_analysis/data/reads/E62_2021_filtered.R1.fq	/prj/DECODE/ea_analysis/data/reads/E62_2021_filtered.R2.fq
E63_2022	/prj/DECODE/ea_analysis/data/reads/E63_2022_filtered.R1.fq	/prj/DECODE/ea_analysis/data/reads/E63_2022_filtered.R2.fq
E63_2023	/prj/DECODE/ea_analysis/data/reads/E63_2023_filtered.R1.fq	/prj/DECODE/ea_analysis/data/reads/E63_2023_filtered.R2.fq
F1_2022	/prj/DECODE/ea_analysis/data/reads/F1_2022_filtered.R1.fq	/prj/DECODE/ea_analysis/data/reads/F1_2022_filtered.R2.fq
F13_2021	/prj/DECODE/ea_analysis/data/reads/F13_2021_filtered.R1.fq	/prj/DECODE/ea_analysis/data/reads/F13_2021_filtered.R2.fq
F13_2022	/prj/DECODE/ea_analysis/data/reads/F13_2022_filtered.R1.fq	/prj/DECODE/ea_analysis/data/reads/F13_2022_filtered.R2.fq
F14_2022	/prj/DECODE/ea_analysis/data/reads/F14_2022_filtered.R1.fq	/prj/DECODE/ea_analysis/data/reads/F14_2022_filtered.R2.fq
F15_2021	/prj/DECODE/ea_analysis/data/reads/F15_2021_filtered.R1.fq	/prj/DECODE/ea_analysis/data/reads/F15_2021_filtered.R2.fq
F15_2022	/prj/DECODE/ea_analysis/data/reads/F15_2022_filtered.R1.fq	/prj/DECODE/ea_analysis/data/reads/F15_2022_filtered.R2.fq
F19_2021	/prj/DECODE/ea_analysis/data/reads/F19_2021_filtered.R1.fq	/prj/DECODE/ea_analysis/data/reads/F19_2021_filtered.R2.fq
F21_2022	/prj/DECODE/ea_analysis/data/reads/F21_2022_filtered.R1.fq	/prj/DECODE/ea_analysis/data/reads/F21_2022_filtered.R2.fq
F2_2022	/prj/DECODE/ea_analysis/data/reads/F2_2022_filtered.R1.fq	/prj/DECODE/ea_analysis/data/reads/F2_2022_filtered.R2.fq
F23_2021	/prj/DECODE/ea_analysis/data/reads/F23_2021_filtered.R1.fq	/prj/DECODE/ea_analysis/data/reads/F23_2021_filtered.R2.fq
F23_2023	/prj/DECODE/ea_analysis/data/reads/F23_2023_filtered.R1.fq	/prj/DECODE/ea_analysis/data/reads/F23_2023_filtered.R2.fq
F25_2023	/prj/DECODE/ea_analysis/data/reads/F25_2023_filtered.R1.fq	/prj/DECODE/ea_analysis/data/reads/F25_2023_filtered.R2.fq
F30_2021	/prj/DECODE/ea_analysis/data/reads/F30_2021_filtered.R1.fq	/prj/DECODE/ea_analysis/data/reads/F30_2021_filtered.R2.fq
F31_2022	/prj/DECODE/ea_analysis/data/reads/F31_2022_filtered.R1.fq	/prj/DECODE/ea_analysis/data/reads/F31_2022_filtered.R2.fq
F3_2022	/prj/DECODE/ea_analysis/data/reads/F3_2022_filtered.R1.fq	/prj/DECODE/ea_analysis/data/reads/F3_2022_filtered.R2.fq
F32_2021	/prj/DECODE/ea_analysis/data/reads/F32_2021_filtered.R1.fq	/prj/DECODE/ea_analysis/data/reads/F32_2021_filtered.R2.fq
F34_2022	/prj/DECODE/ea_analysis/data/reads/F34_2022_filtered.R1.fq	/prj/DECODE/ea_analysis/data/reads/F34_2022_filtered.R2.fq
F34_2023	/prj/DECODE/ea_analysis/data/reads/F34_2023_filtered.R1.fq	/prj/DECODE/ea_analysis/data/reads/F34_2023_filtered.R2.fq
F35_2021	/prj/DECODE/ea_analysis/data/reads/F35_2021_filtered.R1.fq	/prj/DECODE/ea_analysis/data/reads/F35_2021_filtered.R2.fq
F39_2021	/prj/DECODE/ea_analysis/data/reads/F39_2021_filtered.R1.fq	/prj/DECODE/ea_analysis/data/reads/F39_2021_filtered.R2.fq
F40_2022	/prj/DECODE/ea_analysis/data/reads/F40_2022_filtered.R1.fq	/prj/DECODE/ea_analysis/data/reads/F40_2022_filtered.R2.fq
F44_2023	/prj/DECODE/ea_analysis/data/reads/F44_2023_filtered.R1.fq	/prj/DECODE/ea_analysis/data/reads/F44_2023_filtered.R2.fq
F46_2021	/prj/DECODE/ea_analysis/data/reads/F46_2021_filtered.R1.fq	/prj/DECODE/ea_analysis/data/reads/F46_2021_filtered.R2.fq
F48_2021	/prj/DECODE/ea_analysis/data/reads/F48_2021_filtered.R1.fq	/prj/DECODE/ea_analysis/data/reads/F48_2021_filtered.R2.fq
F49_2021	/prj/DECODE/ea_analysis/data/reads/F49_2021_filtered.R1.fq	/prj/DECODE/ea_analysis/data/reads/F49_2021_filtered.R2.fq
F50_2021	/prj/DECODE/ea_analysis/data/reads/F50_2021_filtered.R1.fq	/prj/DECODE/ea_analysis/data/reads/F50_2021_filtered.R2.fq
F5_2022	/prj/DECODE/ea_analysis/data/reads/F5_2022_filtered.R1.fq	/prj/DECODE/ea_analysis/data/reads/F5_2022_filtered.R2.fq
F5_2023	/prj/DECODE/ea_analysis/data/reads/F5_2023_filtered.R1.fq	/prj/DECODE/ea_analysis/data/reads/F5_2023_filtered.R2.fq
F54_2022	/prj/DECODE/ea_analysis/data/reads/F54_2022_filtered.R1.fq	/prj/DECODE/ea_analysis/data/reads/F54_2022_filtered.R2.fq
F6_2022	/prj/DECODE/ea_analysis/data/reads/F6_2022_filtered.R1.fq	/prj/DECODE/ea_analysis/data/reads/F6_2022_filtered.R2.fq
F63_2023	/prj/DECODE/ea_analysis/data/reads/F63_2023_filtered.R1.fq	/prj/DECODE/ea_analysis/data/reads/F63_2023_filtered.R2.fq
F65_2021	/prj/DECODE/ea_analysis/data/reads/F65_2021_filtered.R1.fq	/prj/DECODE/ea_analysis/data/reads/F65_2021_filtered.R2.fq
F65_2022	/prj/DECODE/ea_analysis/data/reads/F65_2022_filtered.R1.fq	/prj/DECODE/ea_analysis/data/reads/F65_2022_filtered.R2.fq
F66_2021	/prj/DECODE/ea_analysis/data/reads/F66_2021_filtered.R1.fq	/prj/DECODE/ea_analysis/data/reads/F66_2021_filtered.R2.fq
F7_2023	/prj/DECODE/ea_analysis/data/reads/F7_2023_filtered.R1.fq	/prj/DECODE/ea_analysis/data/reads/F7_2023_filtered.R2.fq
F8_2022	/prj/DECODE/ea_analysis/data/reads/F8_2022_filtered.R1.fq	/prj/DECODE/ea_analysis/data/reads/F8_2022_filtered.R2.fq
G15_2021	/prj/DECODE/ea_analysis/data/reads/G15_2021_filtered.R1.fq	/prj/DECODE/ea_analysis/data/reads/G15_2021_filtered.R2.fq
G17_2021	/prj/DECODE/ea_analysis/data/reads/G17_2021_filtered.R1.fq	/prj/DECODE/ea_analysis/data/reads/G17_2021_filtered.R2.fq
G20_2022	/prj/DECODE/ea_analysis/data/reads/G20_2022_filtered.R1.fq	/prj/DECODE/ea_analysis/data/reads/G20_2022_filtered.R2.fq
G21_2022	/prj/DECODE/ea_analysis/data/reads/G21_2022_filtered.R1.fq	/prj/DECODE/ea_analysis/data/reads/G21_2022_filtered.R2.fq
G22_2022	/prj/DECODE/ea_analysis/data/reads/G22_2022_filtered.R1.fq	/prj/DECODE/ea_analysis/data/reads/G22_2022_filtered.R2.fq
G30_2021	/prj/DECODE/ea_analysis/data/reads/G30_2021_filtered.R1.fq	/prj/DECODE/ea_analysis/data/reads/G30_2021_filtered.R2.fq
G3_2022	/prj/DECODE/ea_analysis/data/reads/G3_2022_filtered.R1.fq	/prj/DECODE/ea_analysis/data/reads/G3_2022_filtered.R2.fq
G41_2022	/prj/DECODE/ea_analysis/data/reads/G41_2022_filtered.R1.fq	/prj/DECODE/ea_analysis/data/reads/G41_2022_filtered.R2.fq
G45_2021	/prj/DECODE/ea_analysis/data/reads/G45_2021_filtered.R1.fq	/prj/DECODE/ea_analysis/data/reads/G45_2021_filtered.R2.fq
G47_2022	/prj/DECODE/ea_analysis/data/reads/G47_2022_filtered.R1.fq	/prj/DECODE/ea_analysis/data/reads/G47_2022_filtered.R2.fq
G54_2021	/prj/DECODE/ea_analysis/data/reads/G54_2021_filtered.R1.fq	/prj/DECODE/ea_analysis/data/reads/G54_2021_filtered.R2.fq
G61_2022	/prj/DECODE/ea_analysis/data/reads/G61_2022_filtered.R1.fq	/prj/DECODE/ea_analysis/data/reads/G61_2022_filtered.R2.fq
G62_2021	/prj/DECODE/ea_analysis/data/reads/G62_2021_filtered.R1.fq	/prj/DECODE/ea_analysis/data/reads/G62_2021_filtered.R2.fq
G66_2022	/prj/DECODE/ea_analysis/data/reads/G66_2022_filtered.R1.fq	/prj/DECODE/ea_analysis/data/reads/G66_2022_filtered.R2.fq
H1_2022	/prj/DECODE/ea_analysis/data/reads/H1_2022_filtered.R1.fq	/prj/DECODE/ea_analysis/data/reads/H1_2022_filtered.R2.fq
H1_2023	/prj/DECODE/ea_analysis/data/reads/H1_2023_filtered.R1.fq	/prj/DECODE/ea_analysis/data/reads/H1_2023_filtered.R2.fq
H19_2023	/prj/DECODE/ea_analysis/data/reads/H19_2023_filtered.R1.fq	/prj/DECODE/ea_analysis/data/reads/H19_2023_filtered.R2.fq
H22_2021	/prj/DECODE/ea_analysis/data/reads/H22_2021_filtered.R1.fq	/prj/DECODE/ea_analysis/data/reads/H22_2021_filtered.R2.fq
H3_2022	/prj/DECODE/ea_analysis/data/reads/H3_2022_filtered.R1.fq	/prj/DECODE/ea_analysis/data/reads/H3_2022_filtered.R2.fq
H32_2021	/prj/DECODE/ea_analysis/data/reads/H32_2021_filtered.R1.fq	/prj/DECODE/ea_analysis/data/reads/H32_2021_filtered.R2.fq
H38_2021	/prj/DECODE/ea_analysis/data/reads/H38_2021_filtered.R1.fq	/prj/DECODE/ea_analysis/data/reads/H38_2021_filtered.R2.fq
H41_2022	/prj/DECODE/ea_analysis/data/reads/H41_2022_filtered.R1.fq	/prj/DECODE/ea_analysis/data/reads/H41_2022_filtered.R2.fq
H50_2022	/prj/DECODE/ea_analysis/data/reads/H50_2022_filtered.R1.fq	/prj/DECODE/ea_analysis/data/reads/H50_2022_filtered.R2.fq
H52_2021	/prj/DECODE/ea_analysis/data/reads/H52_2021_filtered.R1.fq	/prj/DECODE/ea_analysis/data/reads/H52_2021_filtered.R2.fq
H52_2023	/prj/DECODE/ea_analysis/data/reads/H52_2023_filtered.R1.fq	/prj/DECODE/ea_analysis/data/reads/H52_2023_filtered.R2.fq
H54_2021	/prj/DECODE/ea_analysis/data/reads/H54_2021_filtered.R1.fq	/prj/DECODE/ea_analysis/data/reads/H54_2021_filtered.R2.fq
H55_2021	/prj/DECODE/ea_analysis/data/reads/H55_2021_filtered.R1.fq	/prj/DECODE/ea_analysis/data/reads/H55_2021_filtered.R2.fq
H59_2021	/prj/DECODE/ea_analysis/data/reads/H59_2021_filtered.R1.fq	/prj/DECODE/ea_analysis/data/reads/H59_2021_filtered.R2.fq
H59_2022	/prj/DECODE/ea_analysis/data/reads/H59_2022_filtered.R1.fq	/prj/DECODE/ea_analysis/data/reads/H59_2022_filtered.R2.fq
H61_2022	/prj/DECODE/ea_analysis/data/reads/H61_2022_filtered.R1.fq	/prj/DECODE/ea_analysis/data/reads/H61_2022_filtered.R2.fq
H62_2022	/prj/DECODE/ea_analysis/data/reads/H62_2022_filtered.R1.fq	/prj/DECODE/ea_analysis/data/reads/H62_2022_filtered.R2.fq
H7_2022	/prj/DECODE/ea_analysis/data/reads/H7_2022_filtered.R1.fq	/prj/DECODE/ea_analysis/data/reads/H7_2022_filtered.R2.fq
I10_2021	/prj/DECODE/ea_analysis/data/reads/I10_2021_filtered.R1.fq	/prj/DECODE/ea_analysis/data/reads/I10_2021_filtered.R2.fq
I1_2022	/prj/DECODE/ea_analysis/data/reads/I1_2022_filtered.R1.fq	/prj/DECODE/ea_analysis/data/reads/I1_2022_filtered.R2.fq
I12_2021	/prj/DECODE/ea_analysis/data/reads/I12_2021_filtered.R1.fq	/prj/DECODE/ea_analysis/data/reads/I12_2021_filtered.R2.fq
I14_2022	/prj/DECODE/ea_analysis/data/reads/I14_2022_filtered.R1.fq	/prj/DECODE/ea_analysis/data/reads/I14_2022_filtered.R2.fq
I2_2021	/prj/DECODE/ea_analysis/data/reads/I2_2021_filtered.R1.fq	/prj/DECODE/ea_analysis/data/reads/I2_2021_filtered.R2.fq
I26_2023	/prj/DECODE/ea_analysis/data/reads/I26_2023_filtered.R1.fq	/prj/DECODE/ea_analysis/data/reads/I26_2023_filtered.R2.fq
I27_2022	/prj/DECODE/ea_analysis/data/reads/I27_2022_filtered.R1.fq	/prj/DECODE/ea_analysis/data/reads/I27_2022_filtered.R2.fq
I28_2021	/prj/DECODE/ea_analysis/data/reads/I28_2021_filtered.R1.fq	/prj/DECODE/ea_analysis/data/reads/I28_2021_filtered.R2.fq
I3_2021	/prj/DECODE/ea_analysis/data/reads/I3_2021_filtered.R1.fq	/prj/DECODE/ea_analysis/data/reads/I3_2021_filtered.R2.fq
I34_2021	/prj/DECODE/ea_analysis/data/reads/I34_2021_filtered.R1.fq	/prj/DECODE/ea_analysis/data/reads/I34_2021_filtered.R2.fq
I41_2021	/prj/DECODE/ea_analysis/data/reads/I41_2021_filtered.R1.fq	/prj/DECODE/ea_analysis/data/reads/I41_2021_filtered.R2.fq
I4_2022	/prj/DECODE/ea_analysis/data/reads/I4_2022_filtered.R1.fq	/prj/DECODE/ea_analysis/data/reads/I4_2022_filtered.R2.fq
I46_2021	/prj/DECODE/ea_analysis/data/reads/I46_2021_filtered.R1.fq	/prj/DECODE/ea_analysis/data/reads/I46_2021_filtered.R2.fq
I46_2022	/prj/DECODE/ea_analysis/data/reads/I46_2022_filtered.R1.fq	/prj/DECODE/ea_analysis/data/reads/I46_2022_filtered.R2.fq
I48_2021	/prj/DECODE/ea_analysis/data/reads/I48_2021_filtered.R1.fq	/prj/DECODE/ea_analysis/data/reads/I48_2021_filtered.R2.fq
I55_2021	/prj/DECODE/ea_analysis/data/reads/I55_2021_filtered.R1.fq	/prj/DECODE/ea_analysis/data/reads/I55_2021_filtered.R2.fq
I56_2022	/prj/DECODE/ea_analysis/data/reads/I56_2022_filtered.R1.fq	/prj/DECODE/ea_analysis/data/reads/I56_2022_filtered.R2.fq
I57_2021	/prj/DECODE/ea_analysis/data/reads/I57_2021_filtered.R1.fq	/prj/DECODE/ea_analysis/data/reads/I57_2021_filtered.R2.fq
I6_2022	/prj/DECODE/ea_analysis/data/reads/I6_2022_filtered.R1.fq	/prj/DECODE/ea_analysis/data/reads/I6_2022_filtered.R2.fq
I66_2022	/prj/DECODE/ea_analysis/data/reads/I66_2022_filtered.R1.fq	/prj/DECODE/ea_analysis/data/reads/I66_2022_filtered.R2.fq
I8_2022	/prj/DECODE/ea_analysis/data/reads/I8_2022_filtered.R1.fq	/prj/DECODE/ea_analysis/data/reads/I8_2022_filtered.R2.fq
I9_2023	/prj/DECODE/ea_analysis/data/reads/I9_2023_filtered.R1.fq	/prj/DECODE/ea_analysis/data/reads/I9_2023_filtered.R2.fq
J12_2021	/prj/DECODE/ea_analysis/data/reads/J12_2021_filtered.R1.fq	/prj/DECODE/ea_analysis/data/reads/J12_2021_filtered.R2.fq
J12_2023	/prj/DECODE/ea_analysis/data/reads/J12_2023_filtered.R1.fq	/prj/DECODE/ea_analysis/data/reads/J12_2023_filtered.R2.fq
J19_2023	/prj/DECODE/ea_analysis/data/reads/J19_2023_filtered.R1.fq	/prj/DECODE/ea_analysis/data/reads/J19_2023_filtered.R2.fq
J25_2023	/prj/DECODE/ea_analysis/data/reads/J25_2023_filtered.R1.fq	/prj/DECODE/ea_analysis/data/reads/J25_2023_filtered.R2.fq
J27_2022	/prj/DECODE/ea_analysis/data/reads/J27_2022_filtered.R1.fq	/prj/DECODE/ea_analysis/data/reads/J27_2022_filtered.R2.fq
J29_2022	/prj/DECODE/ea_analysis/data/reads/J29_2022_filtered.R1.fq	/prj/DECODE/ea_analysis/data/reads/J29_2022_filtered.R2.fq
J31_2021	/prj/DECODE/ea_analysis/data/reads/J31_2021_filtered.R1.fq	/prj/DECODE/ea_analysis/data/reads/J31_2021_filtered.R2.fq
J31_2023	/prj/DECODE/ea_analysis/data/reads/J31_2023_filtered.R1.fq	/prj/DECODE/ea_analysis/data/reads/J31_2023_filtered.R2.fq
J36_2022	/prj/DECODE/ea_analysis/data/reads/J36_2022_filtered.R1.fq	/prj/DECODE/ea_analysis/data/reads/J36_2022_filtered.R2.fq
J37_2022	/prj/DECODE/ea_analysis/data/reads/J37_2022_filtered.R1.fq	/prj/DECODE/ea_analysis/data/reads/J37_2022_filtered.R2.fq
J39_2022	/prj/DECODE/ea_analysis/data/reads/J39_2022_filtered.R1.fq	/prj/DECODE/ea_analysis/data/reads/J39_2022_filtered.R2.fq
J43_2023	/prj/DECODE/ea_analysis/data/reads/J43_2023_filtered.R1.fq	/prj/DECODE/ea_analysis/data/reads/J43_2023_filtered.R2.fq
J49_2021	/prj/DECODE/ea_analysis/data/reads/J49_2021_filtered.R1.fq	/prj/DECODE/ea_analysis/data/reads/J49_2021_filtered.R2.fq
J51_2021	/prj/DECODE/ea_analysis/data/reads/J51_2021_filtered.R1.fq	/prj/DECODE/ea_analysis/data/reads/J51_2021_filtered.R2.fq
J54_2023	/prj/DECODE/ea_analysis/data/reads/J54_2023_filtered.R1.fq	/prj/DECODE/ea_analysis/data/reads/J54_2023_filtered.R2.fq
J55_2022	/prj/DECODE/ea_analysis/data/reads/J55_2022_filtered.R1.fq	/prj/DECODE/ea_analysis/data/reads/J55_2022_filtered.R2.fq
J56_2022	/prj/DECODE/ea_analysis/data/reads/J56_2022_filtered.R1.fq	/prj/DECODE/ea_analysis/data/reads/J56_2022_filtered.R2.fq
J59_2022	/prj/DECODE/ea_analysis/data/reads/J59_2022_filtered.R1.fq	/prj/DECODE/ea_analysis/data/reads/J59_2022_filtered.R2.fq
J60_2023	/prj/DECODE/ea_analysis/data/reads/J60_2023_filtered.R1.fq	/prj/DECODE/ea_analysis/data/reads/J60_2023_filtered.R2.fq
J6_2021	/prj/DECODE/ea_analysis/data/reads/J6_2021_filtered.R1.fq	/prj/DECODE/ea_analysis/data/reads/J6_2021_filtered.R2.fq
J65_2021	/prj/DECODE/ea_analysis/data/reads/J65_2021_filtered.R1.fq	/prj/DECODE/ea_analysis/data/reads/J65_2021_filtered.R2.fq
J9_2021	/prj/DECODE/ea_analysis/data/reads/J9_2021_filtered.R1.fq	/prj/DECODE/ea_analysis/data/reads/J9_2021_filtered.R2.fq
J9_2023	/prj/DECODE/ea_analysis/data/reads/J9_2023_filtered.R1.fq	/prj/DECODE/ea_analysis/data/reads/J9_2023_filtered.R2.fq
K10_2022	/prj/DECODE/ea_analysis/data/reads/K10_2022_filtered.R1.fq	/prj/DECODE/ea_analysis/data/reads/K10_2022_filtered.R2.fq
K11_2022	/prj/DECODE/ea_analysis/data/reads/K11_2022_filtered.R1.fq	/prj/DECODE/ea_analysis/data/reads/K11_2022_filtered.R2.fq
K12_2021	/prj/DECODE/ea_analysis/data/reads/K12_2021_filtered.R1.fq	/prj/DECODE/ea_analysis/data/reads/K12_2021_filtered.R2.fq
K14_2022	/prj/DECODE/ea_analysis/data/reads/K14_2022_filtered.R1.fq	/prj/DECODE/ea_analysis/data/reads/K14_2022_filtered.R2.fq
K15_2021	/prj/DECODE/ea_analysis/data/reads/K15_2021_filtered.R1.fq	/prj/DECODE/ea_analysis/data/reads/K15_2021_filtered.R2.fq
K17_2021	/prj/DECODE/ea_analysis/data/reads/K17_2021_filtered.R1.fq	/prj/DECODE/ea_analysis/data/reads/K17_2021_filtered.R2.fq
K17_2022	/prj/DECODE/ea_analysis/data/reads/K17_2022_filtered.R1.fq	/prj/DECODE/ea_analysis/data/reads/K17_2022_filtered.R2.fq
K18_2021	/prj/DECODE/ea_analysis/data/reads/K18_2021_filtered.R1.fq	/prj/DECODE/ea_analysis/data/reads/K18_2021_filtered.R2.fq
K21_2022	/prj/DECODE/ea_analysis/data/reads/K21_2022_filtered.R1.fq	/prj/DECODE/ea_analysis/data/reads/K21_2022_filtered.R2.fq
K38_2021	/prj/DECODE/ea_analysis/data/reads/K38_2021_filtered.R1.fq	/prj/DECODE/ea_analysis/data/reads/K38_2021_filtered.R2.fq
K43_2021	/prj/DECODE/ea_analysis/data/reads/K43_2021_filtered.R1.fq	/prj/DECODE/ea_analysis/data/reads/K43_2021_filtered.R2.fq
K48_2023	/prj/DECODE/ea_analysis/data/reads/K48_2023_filtered.R1.fq	/prj/DECODE/ea_analysis/data/reads/K48_2023_filtered.R2.fq
K49_2023	/prj/DECODE/ea_analysis/data/reads/K49_2023_filtered.R1.fq	/prj/DECODE/ea_analysis/data/reads/K49_2023_filtered.R2.fq
K5_2021	/prj/DECODE/ea_analysis/data/reads/K5_2021_filtered.R1.fq	/prj/DECODE/ea_analysis/data/reads/K5_2021_filtered.R2.fq
K52_2021	/prj/DECODE/ea_analysis/data/reads/K52_2021_filtered.R1.fq	/prj/DECODE/ea_analysis/data/reads/K52_2021_filtered.R2.fq
K54_2021	/prj/DECODE/ea_analysis/data/reads/K54_2021_filtered.R1.fq	/prj/DECODE/ea_analysis/data/reads/K54_2021_filtered.R2.fq
K57_2021	/prj/DECODE/ea_analysis/data/reads/K57_2021_filtered.R1.fq	/prj/DECODE/ea_analysis/data/reads/K57_2021_filtered.R2.fq
K61_2022	/prj/DECODE/ea_analysis/data/reads/K61_2022_filtered.R1.fq	/prj/DECODE/ea_analysis/data/reads/K61_2022_filtered.R2.fq
K63_2022	/prj/DECODE/ea_analysis/data/reads/K63_2022_filtered.R1.fq	/prj/DECODE/ea_analysis/data/reads/K63_2022_filtered.R2.fq
L10_2021	/prj/DECODE/ea_analysis/data/reads/L10_2021_filtered.R1.fq	/prj/DECODE/ea_analysis/data/reads/L10_2021_filtered.R2.fq
L10_2022	/prj/DECODE/ea_analysis/data/reads/L10_2022_filtered.R1.fq	/prj/DECODE/ea_analysis/data/reads/L10_2022_filtered.R2.fq
L11_2023	/prj/DECODE/ea_analysis/data/reads/L11_2023_filtered.R1.fq	/prj/DECODE/ea_analysis/data/reads/L11_2023_filtered.R2.fq
L13_2021	/prj/DECODE/ea_analysis/data/reads/L13_2021_filtered.R1.fq	/prj/DECODE/ea_analysis/data/reads/L13_2021_filtered.R2.fq
L13_2023	/prj/DECODE/ea_analysis/data/reads/L13_2023_filtered.R1.fq	/prj/DECODE/ea_analysis/data/reads/L13_2023_filtered.R2.fq
L14_2023	/prj/DECODE/ea_analysis/data/reads/L14_2023_filtered.R1.fq	/prj/DECODE/ea_analysis/data/reads/L14_2023_filtered.R2.fq
L16_2021	/prj/DECODE/ea_analysis/data/reads/L16_2021_filtered.R1.fq	/prj/DECODE/ea_analysis/data/reads/L16_2021_filtered.R2.fq
L16_2022	/prj/DECODE/ea_analysis/data/reads/L16_2022_filtered.R1.fq	/prj/DECODE/ea_analysis/data/reads/L16_2022_filtered.R2.fq
L25_2021	/prj/DECODE/ea_analysis/data/reads/L25_2021_filtered.R1.fq	/prj/DECODE/ea_analysis/data/reads/L25_2021_filtered.R2.fq
L25_2022	/prj/DECODE/ea_analysis/data/reads/L25_2022_filtered.R1.fq	/prj/DECODE/ea_analysis/data/reads/L25_2022_filtered.R2.fq
L25_2023	/prj/DECODE/ea_analysis/data/reads/L25_2023_filtered.R1.fq	/prj/DECODE/ea_analysis/data/reads/L25_2023_filtered.R2.fq
L26_2023	/prj/DECODE/ea_analysis/data/reads/L26_2023_filtered.R1.fq	/prj/DECODE/ea_analysis/data/reads/L26_2023_filtered.R2.fq
L29_2023	/prj/DECODE/ea_analysis/data/reads/L29_2023_filtered.R1.fq	/prj/DECODE/ea_analysis/data/reads/L29_2023_filtered.R2.fq
L30_2021	/prj/DECODE/ea_analysis/data/reads/L30_2021_filtered.R1.fq	/prj/DECODE/ea_analysis/data/reads/L30_2021_filtered.R2.fq
L31_2021	/prj/DECODE/ea_analysis/data/reads/L31_2021_filtered.R1.fq	/prj/DECODE/ea_analysis/data/reads/L31_2021_filtered.R2.fq
L31_2022	/prj/DECODE/ea_analysis/data/reads/L31_2022_filtered.R1.fq	/prj/DECODE/ea_analysis/data/reads/L31_2022_filtered.R2.fq
L32_2022	/prj/DECODE/ea_analysis/data/reads/L32_2022_filtered.R1.fq	/prj/DECODE/ea_analysis/data/reads/L32_2022_filtered.R2.fq
L32_2023	/prj/DECODE/ea_analysis/data/reads/L32_2023_filtered.R1.fq	/prj/DECODE/ea_analysis/data/reads/L32_2023_filtered.R2.fq
L35_2023	/prj/DECODE/ea_analysis/data/reads/L35_2023_filtered.R1.fq	/prj/DECODE/ea_analysis/data/reads/L35_2023_filtered.R2.fq
L39_2021	/prj/DECODE/ea_analysis/data/reads/L39_2021_filtered.R1.fq	/prj/DECODE/ea_analysis/data/reads/L39_2021_filtered.R2.fq
L39_2022	/prj/DECODE/ea_analysis/data/reads/L39_2022_filtered.R1.fq	/prj/DECODE/ea_analysis/data/reads/L39_2022_filtered.R2.fq
L4_2022	/prj/DECODE/ea_analysis/data/reads/L4_2022_filtered.R1.fq	/prj/DECODE/ea_analysis/data/reads/L4_2022_filtered.R2.fq
L43_2023	/prj/DECODE/ea_analysis/data/reads/L43_2023_filtered.R1.fq	/prj/DECODE/ea_analysis/data/reads/L43_2023_filtered.R2.fq
L44_2023	/prj/DECODE/ea_analysis/data/reads/L44_2023_filtered.R1.fq	/prj/DECODE/ea_analysis/data/reads/L44_2023_filtered.R2.fq
L46_2021	/prj/DECODE/ea_analysis/data/reads/L46_2021_filtered.R1.fq	/prj/DECODE/ea_analysis/data/reads/L46_2021_filtered.R2.fq
L48_2021	/prj/DECODE/ea_analysis/data/reads/L48_2021_filtered.R1.fq	/prj/DECODE/ea_analysis/data/reads/L48_2021_filtered.R2.fq
L50_2023	/prj/DECODE/ea_analysis/data/reads/L50_2023_filtered.R1.fq	/prj/DECODE/ea_analysis/data/reads/L50_2023_filtered.R2.fq
L53_2022	/prj/DECODE/ea_analysis/data/reads/L53_2022_filtered.R1.fq	/prj/DECODE/ea_analysis/data/reads/L53_2022_filtered.R2.fq
L53_2023	/prj/DECODE/ea_analysis/data/reads/L53_2023_filtered.R1.fq	/prj/DECODE/ea_analysis/data/reads/L53_2023_filtered.R2.fq
L55_2023	/prj/DECODE/ea_analysis/data/reads/L55_2023_filtered.R1.fq	/prj/DECODE/ea_analysis/data/reads/L55_2023_filtered.R2.fq
L56_2022	/prj/DECODE/ea_analysis/data/reads/L56_2022_filtered.R1.fq	/prj/DECODE/ea_analysis/data/reads/L56_2022_filtered.R2.fq
L6_2022	/prj/DECODE/ea_analysis/data/reads/L6_2022_filtered.R1.fq	/prj/DECODE/ea_analysis/data/reads/L6_2022_filtered.R2.fq
L62_2022	/prj/DECODE/ea_analysis/data/reads/L62_2022_filtered.R1.fq	/prj/DECODE/ea_analysis/data/reads/L62_2022_filtered.R2.fq
L65_2021	/prj/DECODE/ea_analysis/data/reads/L65_2021_filtered.R1.fq	/prj/DECODE/ea_analysis/data/reads/L65_2021_filtered.R2.fq
L7_2021	/prj/DECODE/ea_analysis/data/reads/L7_2021_filtered.R1.fq	/prj/DECODE/ea_analysis/data/reads/L7_2021_filtered.R2.fq
L9_2022	/prj/DECODE/ea_analysis/data/reads/L9_2022_filtered.R1.fq	/prj/DECODE/ea_analysis/data/reads/L9_2022_filtered.R2.fq
L9_2023	/prj/DECODE/ea_analysis/data/reads/L9_2023_filtered.R1.fq	/prj/DECODE/ea_analysis/data/reads/L9_2023_filtered.R2.fq
M1_2023	/prj/DECODE/ea_analysis/data/reads/M1_2023_filtered.R1.fq	/prj/DECODE/ea_analysis/data/reads/M1_2023_filtered.R2.fq
M18_2023	/prj/DECODE/ea_analysis/data/reads/M18_2023_filtered.R1.fq	/prj/DECODE/ea_analysis/data/reads/M18_2023_filtered.R2.fq
M20_2023	/prj/DECODE/ea_analysis/data/reads/M20_2023_filtered.R1.fq	/prj/DECODE/ea_analysis/data/reads/M20_2023_filtered.R2.fq
M23_2023	/prj/DECODE/ea_analysis/data/reads/M23_2023_filtered.R1.fq	/prj/DECODE/ea_analysis/data/reads/M23_2023_filtered.R2.fq
M24_2021	/prj/DECODE/ea_analysis/data/reads/M24_2021_filtered.R1.fq	/prj/DECODE/ea_analysis/data/reads/M24_2021_filtered.R2.fq
M24_2023	/prj/DECODE/ea_analysis/data/reads/M24_2023_filtered.R1.fq	/prj/DECODE/ea_analysis/data/reads/M24_2023_filtered.R2.fq
M28_2023	/prj/DECODE/ea_analysis/data/reads/M28_2023_filtered.R1.fq	/prj/DECODE/ea_analysis/data/reads/M28_2023_filtered.R2.fq
M3_2022	/prj/DECODE/ea_analysis/data/reads/M3_2022_filtered.R1.fq	/prj/DECODE/ea_analysis/data/reads/M3_2022_filtered.R2.fq
M32_2023	/prj/DECODE/ea_analysis/data/reads/M32_2023_filtered.R1.fq	/prj/DECODE/ea_analysis/data/reads/M32_2023_filtered.R2.fq
M33_2022	/prj/DECODE/ea_analysis/data/reads/M33_2022_filtered.R1.fq	/prj/DECODE/ea_analysis/data/reads/M33_2022_filtered.R2.fq
M35_2022	/prj/DECODE/ea_analysis/data/reads/M35_2022_filtered.R1.fq	/prj/DECODE/ea_analysis/data/reads/M35_2022_filtered.R2.fq
M38_2023	/prj/DECODE/ea_analysis/data/reads/M38_2023_filtered.R1.fq	/prj/DECODE/ea_analysis/data/reads/M38_2023_filtered.R2.fq
M40_2023	/prj/DECODE/ea_analysis/data/reads/M40_2023_filtered.R1.fq	/prj/DECODE/ea_analysis/data/reads/M40_2023_filtered.R2.fq
M42_2022	/prj/DECODE/ea_analysis/data/reads/M42_2022_filtered.R1.fq	/prj/DECODE/ea_analysis/data/reads/M42_2022_filtered.R2.fq
M43_2023	/prj/DECODE/ea_analysis/data/reads/M43_2023_filtered.R1.fq	/prj/DECODE/ea_analysis/data/reads/M43_2023_filtered.R2.fq
M46_2021	/prj/DECODE/ea_analysis/data/reads/M46_2021_filtered.R1.fq	/prj/DECODE/ea_analysis/data/reads/M46_2021_filtered.R2.fq
M47_2023	/prj/DECODE/ea_analysis/data/reads/M47_2023_filtered.R1.fq	/prj/DECODE/ea_analysis/data/reads/M47_2023_filtered.R2.fq
M5_2022	/prj/DECODE/ea_analysis/data/reads/M5_2022_filtered.R1.fq	/prj/DECODE/ea_analysis/data/reads/M5_2022_filtered.R2.fq
M52_2022	/prj/DECODE/ea_analysis/data/reads/M52_2022_filtered.R1.fq	/prj/DECODE/ea_analysis/data/reads/M52_2022_filtered.R2.fq
M55_2021	/prj/DECODE/ea_analysis/data/reads/M55_2021_filtered.R1.fq	/prj/DECODE/ea_analysis/data/reads/M55_2021_filtered.R2.fq
M56_2023	/prj/DECODE/ea_analysis/data/reads/M56_2023_filtered.R1.fq	/prj/DECODE/ea_analysis/data/reads/M56_2023_filtered.R2.fq
M57_2023	/prj/DECODE/ea_analysis/data/reads/M57_2023_filtered.R1.fq	/prj/DECODE/ea_analysis/data/reads/M57_2023_filtered.R2.fq
M60_2022	/prj/DECODE/ea_analysis/data/reads/M60_2022_filtered.R1.fq	/prj/DECODE/ea_analysis/data/reads/M60_2022_filtered.R2.fq
M62_2022	/prj/DECODE/ea_analysis/data/reads/M62_2022_filtered.R1.fq	/prj/DECODE/ea_analysis/data/reads/M62_2022_filtered.R2.fq
M63_2021	/prj/DECODE/ea_analysis/data/reads/M63_2021_filtered.R1.fq	/prj/DECODE/ea_analysis/data/reads/M63_2021_filtered.R2.fq
M63_2022	/prj/DECODE/ea_analysis/data/reads/M63_2022_filtered.R1.fq	/prj/DECODE/ea_analysis/data/reads/M63_2022_filtered.R2.fq
M64_2023	/prj/DECODE/ea_analysis/data/reads/M64_2023_filtered.R1.fq	/prj/DECODE/ea_analysis/data/reads/M64_2023_filtered.R2.fq
M65_2021	/prj/DECODE/ea_analysis/data/reads/M65_2021_filtered.R1.fq	/prj/DECODE/ea_analysis/data/reads/M65_2021_filtered.R2.fq
M65_2022	/prj/DECODE/ea_analysis/data/reads/M65_2022_filtered.R1.fq	/prj/DECODE/ea_analysis/data/reads/M65_2022_filtered.R2.fq
N17_2023	/prj/DECODE/ea_analysis/data/reads/N17_2023_filtered.R1.fq	/prj/DECODE/ea_analysis/data/reads/N17_2023_filtered.R2.fq
N19_2021	/prj/DECODE/ea_analysis/data/reads/N19_2021_filtered.R1.fq	/prj/DECODE/ea_analysis/data/reads/N19_2021_filtered.R2.fq
N20_2023	/prj/DECODE/ea_analysis/data/reads/N20_2023_filtered.R1.fq	/prj/DECODE/ea_analysis/data/reads/N20_2023_filtered.R2.fq
N2_2022	/prj/DECODE/ea_analysis/data/reads/N2_2022_filtered.R1.fq	/prj/DECODE/ea_analysis/data/reads/N2_2022_filtered.R2.fq
N2_2023	/prj/DECODE/ea_analysis/data/reads/N2_2023_filtered.R1.fq	/prj/DECODE/ea_analysis/data/reads/N2_2023_filtered.R2.fq
N22_2022	/prj/DECODE/ea_analysis/data/reads/N22_2022_filtered.R1.fq	/prj/DECODE/ea_analysis/data/reads/N22_2022_filtered.R2.fq
N26_2023	/prj/DECODE/ea_analysis/data/reads/N26_2023_filtered.R1.fq	/prj/DECODE/ea_analysis/data/reads/N26_2023_filtered.R2.fq
N30_2021	/prj/DECODE/ea_analysis/data/reads/N30_2021_filtered.R1.fq	/prj/DECODE/ea_analysis/data/reads/N30_2021_filtered.R2.fq
N30_2022	/prj/DECODE/ea_analysis/data/reads/N30_2022_filtered.R1.fq	/prj/DECODE/ea_analysis/data/reads/N30_2022_filtered.R2.fq
N3_2023	/prj/DECODE/ea_analysis/data/reads/N3_2023_filtered.R1.fq	/prj/DECODE/ea_analysis/data/reads/N3_2023_filtered.R2.fq
N33_2022	/prj/DECODE/ea_analysis/data/reads/N33_2022_filtered.R1.fq	/prj/DECODE/ea_analysis/data/reads/N33_2022_filtered.R2.fq
N36_2023	/prj/DECODE/ea_analysis/data/reads/N36_2023_filtered.R1.fq	/prj/DECODE/ea_analysis/data/reads/N36_2023_filtered.R2.fq
N41_2023	/prj/DECODE/ea_analysis/data/reads/N41_2023_filtered.R1.fq	/prj/DECODE/ea_analysis/data/reads/N41_2023_filtered.R2.fq
N4_2021	/prj/DECODE/ea_analysis/data/reads/N4_2021_filtered.R1.fq	/prj/DECODE/ea_analysis/data/reads/N4_2021_filtered.R2.fq
N42_2021	/prj/DECODE/ea_analysis/data/reads/N42_2021_filtered.R1.fq	/prj/DECODE/ea_analysis/data/reads/N42_2021_filtered.R2.fq
N42_2022	/prj/DECODE/ea_analysis/data/reads/N42_2022_filtered.R1.fq	/prj/DECODE/ea_analysis/data/reads/N42_2022_filtered.R2.fq
N44_2022	/prj/DECODE/ea_analysis/data/reads/N44_2022_filtered.R1.fq	/prj/DECODE/ea_analysis/data/reads/N44_2022_filtered.R2.fq
N45_2022	/prj/DECODE/ea_analysis/data/reads/N45_2022_filtered.R1.fq	/prj/DECODE/ea_analysis/data/reads/N45_2022_filtered.R2.fq
N50_2021	/prj/DECODE/ea_analysis/data/reads/N50_2021_filtered.R1.fq	/prj/DECODE/ea_analysis/data/reads/N50_2021_filtered.R2.fq
N50_2023	/prj/DECODE/ea_analysis/data/reads/N50_2023_filtered.R1.fq	/prj/DECODE/ea_analysis/data/reads/N50_2023_filtered.R2.fq
N5_2023	/prj/DECODE/ea_analysis/data/reads/N5_2023_filtered.R1.fq	/prj/DECODE/ea_analysis/data/reads/N5_2023_filtered.R2.fq
N52_2021	/prj/DECODE/ea_analysis/data/reads/N52_2021_filtered.R1.fq	/prj/DECODE/ea_analysis/data/reads/N52_2021_filtered.R2.fq
N52_2022	/prj/DECODE/ea_analysis/data/reads/N52_2022_filtered.R1.fq	/prj/DECODE/ea_analysis/data/reads/N52_2022_filtered.R2.fq
N55_2021	/prj/DECODE/ea_analysis/data/reads/N55_2021_filtered.R1.fq	/prj/DECODE/ea_analysis/data/reads/N55_2021_filtered.R2.fq
N59_2022	/prj/DECODE/ea_analysis/data/reads/N59_2022_filtered.R1.fq	/prj/DECODE/ea_analysis/data/reads/N59_2022_filtered.R2.fq
N59_2023	/prj/DECODE/ea_analysis/data/reads/N59_2023_filtered.R1.fq	/prj/DECODE/ea_analysis/data/reads/N59_2023_filtered.R2.fq
N61_2021	/prj/DECODE/ea_analysis/data/reads/N61_2021_filtered.R1.fq	/prj/DECODE/ea_analysis/data/reads/N61_2021_filtered.R2.fq
N62_2022	/prj/DECODE/ea_analysis/data/reads/N62_2022_filtered.R1.fq	/prj/DECODE/ea_analysis/data/reads/N62_2022_filtered.R2.fq
N65_2022	/prj/DECODE/ea_analysis/data/reads/N65_2022_filtered.R1.fq	/prj/DECODE/ea_analysis/data/reads/N65_2022_filtered.R2.fq
N7_2021	/prj/DECODE/ea_analysis/data/reads/N7_2021_filtered.R1.fq	/prj/DECODE/ea_analysis/data/reads/N7_2021_filtered.R2.fq
N8_2022	/prj/DECODE/ea_analysis/data/reads/N8_2022_filtered.R1.fq	/prj/DECODE/ea_analysis/data/reads/N8_2022_filtered.R2.fq
O12_2022	/prj/DECODE/ea_analysis/data/reads/O12_2022_filtered.R1.fq	/prj/DECODE/ea_analysis/data/reads/O12_2022_filtered.R2.fq
O13_2022	/prj/DECODE/ea_analysis/data/reads/O13_2022_filtered.R1.fq	/prj/DECODE/ea_analysis/data/reads/O13_2022_filtered.R2.fq
O15_2022	/prj/DECODE/ea_analysis/data/reads/O15_2022_filtered.R1.fq	/prj/DECODE/ea_analysis/data/reads/O15_2022_filtered.R2.fq
O17_2021	/prj/DECODE/ea_analysis/data/reads/O17_2021_filtered.R1.fq	/prj/DECODE/ea_analysis/data/reads/O17_2021_filtered.R2.fq
O24_2023	/prj/DECODE/ea_analysis/data/reads/O24_2023_filtered.R1.fq	/prj/DECODE/ea_analysis/data/reads/O24_2023_filtered.R2.fq
O25_2022	/prj/DECODE/ea_analysis/data/reads/O25_2022_filtered.R1.fq	/prj/DECODE/ea_analysis/data/reads/O25_2022_filtered.R2.fq
O29_2022	/prj/DECODE/ea_analysis/data/reads/O29_2022_filtered.R1.fq	/prj/DECODE/ea_analysis/data/reads/O29_2022_filtered.R2.fq
O30_2022	/prj/DECODE/ea_analysis/data/reads/O30_2022_filtered.R1.fq	/prj/DECODE/ea_analysis/data/reads/O30_2022_filtered.R2.fq
O33_2022	/prj/DECODE/ea_analysis/data/reads/O33_2022_filtered.R1.fq	/prj/DECODE/ea_analysis/data/reads/O33_2022_filtered.R2.fq
O35_2022	/prj/DECODE/ea_analysis/data/reads/O35_2022_filtered.R1.fq	/prj/DECODE/ea_analysis/data/reads/O35_2022_filtered.R2.fq
O36_2023	/prj/DECODE/ea_analysis/data/reads/O36_2023_filtered.R1.fq	/prj/DECODE/ea_analysis/data/reads/O36_2023_filtered.R2.fq
O4_2021	/prj/DECODE/ea_analysis/data/reads/O4_2021_filtered.R1.fq	/prj/DECODE/ea_analysis/data/reads/O4_2021_filtered.R2.fq
O42_2021	/prj/DECODE/ea_analysis/data/reads/O42_2021_filtered.R1.fq	/prj/DECODE/ea_analysis/data/reads/O42_2021_filtered.R2.fq
O5_2023	/prj/DECODE/ea_analysis/data/reads/O5_2023_filtered.R1.fq	/prj/DECODE/ea_analysis/data/reads/O5_2023_filtered.R2.fq
O52_2022	/prj/DECODE/ea_analysis/data/reads/O52_2022_filtered.R1.fq	/prj/DECODE/ea_analysis/data/reads/O52_2022_filtered.R2.fq
O53_2022	/prj/DECODE/ea_analysis/data/reads/O53_2022_filtered.R1.fq	/prj/DECODE/ea_analysis/data/reads/O53_2022_filtered.R2.fq
O54_2022	/prj/DECODE/ea_analysis/data/reads/O54_2022_filtered.R1.fq	/prj/DECODE/ea_analysis/data/reads/O54_2022_filtered.R2.fq
O56_2022	/prj/DECODE/ea_analysis/data/reads/O56_2022_filtered.R1.fq	/prj/DECODE/ea_analysis/data/reads/O56_2022_filtered.R2.fq
O6_2022	/prj/DECODE/ea_analysis/data/reads/O6_2022_filtered.R1.fq	/prj/DECODE/ea_analysis/data/reads/O6_2022_filtered.R2.fq
O62_2022	/prj/DECODE/ea_analysis/data/reads/O62_2022_filtered.R1.fq	/prj/DECODE/ea_analysis/data/reads/O62_2022_filtered.R2.fq
O63_2021	/prj/DECODE/ea_analysis/data/reads/O63_2021_filtered.R1.fq	/prj/DECODE/ea_analysis/data/reads/O63_2021_filtered.R2.fq
O63_2022	/prj/DECODE/ea_analysis/data/reads/O63_2022_filtered.R1.fq	/prj/DECODE/ea_analysis/data/reads/O63_2022_filtered.R2.fq
O64_2022	/prj/DECODE/ea_analysis/data/reads/O64_2022_filtered.R1.fq	/prj/DECODE/ea_analysis/data/reads/O64_2022_filtered.R2.fq
O7_2022	/prj/DECODE/ea_analysis/data/reads/O7_2022_filtered.R1.fq	/prj/DECODE/ea_analysis/data/reads/O7_2022_filtered.R2.fq
P1_2022	/prj/DECODE/ea_analysis/data/reads/P1_2022_filtered.R1.fq	/prj/DECODE/ea_analysis/data/reads/P1_2022_filtered.R2.fq
P13_2021	/prj/DECODE/ea_analysis/data/reads/P13_2021_filtered.R1.fq	/prj/DECODE/ea_analysis/data/reads/P13_2021_filtered.R2.fq
P19_2021	/prj/DECODE/ea_analysis/data/reads/P19_2021_filtered.R1.fq	/prj/DECODE/ea_analysis/data/reads/P19_2021_filtered.R2.fq
P19_2022	/prj/DECODE/ea_analysis/data/reads/P19_2022_filtered.R1.fq	/prj/DECODE/ea_analysis/data/reads/P19_2022_filtered.R2.fq
P22_2022	/prj/DECODE/ea_analysis/data/reads/P22_2022_filtered.R1.fq	/prj/DECODE/ea_analysis/data/reads/P22_2022_filtered.R2.fq
P3_2022	/prj/DECODE/ea_analysis/data/reads/P3_2022_filtered.R1.fq	/prj/DECODE/ea_analysis/data/reads/P3_2022_filtered.R2.fq
P36_2022	/prj/DECODE/ea_analysis/data/reads/P36_2022_filtered.R1.fq	/prj/DECODE/ea_analysis/data/reads/P36_2022_filtered.R2.fq
P37_2022	/prj/DECODE/ea_analysis/data/reads/P37_2022_filtered.R1.fq	/prj/DECODE/ea_analysis/data/reads/P37_2022_filtered.R2.fq
P4_2021	/prj/DECODE/ea_analysis/data/reads/P4_2021_filtered.R1.fq	/prj/DECODE/ea_analysis/data/reads/P4_2021_filtered.R2.fq
P44_2021	/prj/DECODE/ea_analysis/data/reads/P44_2021_filtered.R1.fq	/prj/DECODE/ea_analysis/data/reads/P44_2021_filtered.R2.fq
P50_2021	/prj/DECODE/ea_analysis/data/reads/P50_2021_filtered.R1.fq	/prj/DECODE/ea_analysis/data/reads/P50_2021_filtered.R2.fq
P52_2022	/prj/DECODE/ea_analysis/data/reads/P52_2022_filtered.R1.fq	/prj/DECODE/ea_analysis/data/reads/P52_2022_filtered.R2.fq
P53_2021	/prj/DECODE/ea_analysis/data/reads/P53_2021_filtered.R1.fq	/prj/DECODE/ea_analysis/data/reads/P53_2021_filtered.R2.fq
P55_2021	/prj/DECODE/ea_analysis/data/reads/P55_2021_filtered.R1.fq	/prj/DECODE/ea_analysis/data/reads/P55_2021_filtered.R2.fq
P62_2021	/prj/DECODE/ea_analysis/data/reads/P62_2021_filtered.R1.fq	/prj/DECODE/ea_analysis/data/reads/P62_2021_filtered.R2.fq
P62_2022	/prj/DECODE/ea_analysis/data/reads/P62_2022_filtered.R1.fq	/prj/DECODE/ea_analysis/data/reads/P62_2022_filtered.R2.fq
P63_2022	/prj/DECODE/ea_analysis/data/reads/P63_2022_filtered.R1.fq	/prj/DECODE/ea_analysis/data/reads/P63_2022_filtered.R2.fq
Q1_2022	/prj/DECODE/ea_analysis/data/reads/Q1_2022_filtered.R1.fq	/prj/DECODE/ea_analysis/data/reads/Q1_2022_filtered.R2.fq
Q15_2021	/prj/DECODE/ea_analysis/data/reads/Q15_2021_filtered.R1.fq	/prj/DECODE/ea_analysis/data/reads/Q15_2021_filtered.R2.fq
Q26_2021	/prj/DECODE/ea_analysis/data/reads/Q26_2021_filtered.R1.fq	/prj/DECODE/ea_analysis/data/reads/Q26_2021_filtered.R2.fq
Q29_2021	/prj/DECODE/ea_analysis/data/reads/Q29_2021_filtered.R1.fq	/prj/DECODE/ea_analysis/data/reads/Q29_2021_filtered.R2.fq
Q34_2021	/prj/DECODE/ea_analysis/data/reads/Q34_2021_filtered.R1.fq	/prj/DECODE/ea_analysis/data/reads/Q34_2021_filtered.R2.fq
Q35_2022	/prj/DECODE/ea_analysis/data/reads/Q35_2022_filtered.R1.fq	/prj/DECODE/ea_analysis/data/reads/Q35_2022_filtered.R2.fq
Q38_2022	/prj/DECODE/ea_analysis/data/reads/Q38_2022_filtered.R1.fq	/prj/DECODE/ea_analysis/data/reads/Q38_2022_filtered.R2.fq
Q41_2021	/prj/DECODE/ea_analysis/data/reads/Q41_2021_filtered.R1.fq	/prj/DECODE/ea_analysis/data/reads/Q41_2021_filtered.R2.fq
Q50_2022	/prj/DECODE/ea_analysis/data/reads/Q50_2022_filtered.R1.fq	/prj/DECODE/ea_analysis/data/reads/Q50_2022_filtered.R2.fq
Q53_2022	/prj/DECODE/ea_analysis/data/reads/Q53_2022_filtered.R1.fq	/prj/DECODE/ea_analysis/data/reads/Q53_2022_filtered.R2.fq
Q56_2022	/prj/DECODE/ea_analysis/data/reads/Q56_2022_filtered.R1.fq	/prj/DECODE/ea_analysis/data/reads/Q56_2022_filtered.R2.fq
Q62_2022	/prj/DECODE/ea_analysis/data/reads/Q62_2022_filtered.R1.fq	/prj/DECODE/ea_analysis/data/reads/Q62_2022_filtered.R2.fq
Q63_2021	/prj/DECODE/ea_analysis/data/reads/Q63_2021_filtered.R1.fq	/prj/DECODE/ea_analysis/data/reads/Q63_2021_filtered.R2.fq
Q64_2021	/prj/DECODE/ea_analysis/data/reads/Q64_2021_filtered.R1.fq	/prj/DECODE/ea_analysis/data/reads/Q64_2021_filtered.R2.fq
Q7_2022	/prj/DECODE/ea_analysis/data/reads/Q7_2022_filtered.R1.fq	/prj/DECODE/ea_analysis/data/reads/Q7_2022_filtered.R2.fq
R11_2021	/prj/DECODE/ea_analysis/data/reads/R11_2021_filtered.R1.fq	/prj/DECODE/ea_analysis/data/reads/R11_2021_filtered.R2.fq
R1_2021	/prj/DECODE/ea_analysis/data/reads/R1_2021_filtered.R1.fq	/prj/DECODE/ea_analysis/data/reads/R1_2021_filtered.R2.fq
R12_2021	/prj/DECODE/ea_analysis/data/reads/R12_2021_filtered.R1.fq	/prj/DECODE/ea_analysis/data/reads/R12_2021_filtered.R2.fq
R17_2022	/prj/DECODE/ea_analysis/data/reads/R17_2022_filtered.R1.fq	/prj/DECODE/ea_analysis/data/reads/R17_2022_filtered.R2.fq
R19_2021	/prj/DECODE/ea_analysis/data/reads/R19_2021_filtered.R1.fq	/prj/DECODE/ea_analysis/data/reads/R19_2021_filtered.R2.fq
R2_2021	/prj/DECODE/ea_analysis/data/reads/R2_2021_filtered.R1.fq	/prj/DECODE/ea_analysis/data/reads/R2_2021_filtered.R2.fq
R25_2022	/prj/DECODE/ea_analysis/data/reads/R25_2022_filtered.R1.fq	/prj/DECODE/ea_analysis/data/reads/R25_2022_filtered.R2.fq
R26_2021	/prj/DECODE/ea_analysis/data/reads/R26_2021_filtered.R1.fq	/prj/DECODE/ea_analysis/data/reads/R26_2021_filtered.R2.fq
R31_2021	/prj/DECODE/ea_analysis/data/reads/R31_2021_filtered.R1.fq	/prj/DECODE/ea_analysis/data/reads/R31_2021_filtered.R2.fq
R38_2021	/prj/DECODE/ea_analysis/data/reads/R38_2021_filtered.R1.fq	/prj/DECODE/ea_analysis/data/reads/R38_2021_filtered.R2.fq
R38_2022	/prj/DECODE/ea_analysis/data/reads/R38_2022_filtered.R1.fq	/prj/DECODE/ea_analysis/data/reads/R38_2022_filtered.R2.fq
R40_2021	/prj/DECODE/ea_analysis/data/reads/R40_2021_filtered.R1.fq	/prj/DECODE/ea_analysis/data/reads/R40_2021_filtered.R2.fq
R40_2022	/prj/DECODE/ea_analysis/data/reads/R40_2022_filtered.R1.fq	/prj/DECODE/ea_analysis/data/reads/R40_2022_filtered.R2.fq
R44_2021	/prj/DECODE/ea_analysis/data/reads/R44_2021_filtered.R1.fq	/prj/DECODE/ea_analysis/data/reads/R44_2021_filtered.R2.fq
R45_2021	/prj/DECODE/ea_analysis/data/reads/R45_2021_filtered.R1.fq	/prj/DECODE/ea_analysis/data/reads/R45_2021_filtered.R2.fq
R46_2021	/prj/DECODE/ea_analysis/data/reads/R46_2021_filtered.R1.fq	/prj/DECODE/ea_analysis/data/reads/R46_2021_filtered.R2.fq
R57_2022	/prj/DECODE/ea_analysis/data/reads/R57_2022_filtered.R1.fq	/prj/DECODE/ea_analysis/data/reads/R57_2022_filtered.R2.fq
R58_2022	/prj/DECODE/ea_analysis/data/reads/R58_2022_filtered.R1.fq	/prj/DECODE/ea_analysis/data/reads/R58_2022_filtered.R2.fq
R60_2021	/prj/DECODE/ea_analysis/data/reads/R60_2021_filtered.R1.fq	/prj/DECODE/ea_analysis/data/reads/R60_2021_filtered.R2.fq
R63_2022	/prj/DECODE/ea_analysis/data/reads/R63_2022_filtered.R1.fq	/prj/DECODE/ea_analysis/data/reads/R63_2022_filtered.R2.fq
R8_2021	/prj/DECODE/ea_analysis/data/reads/R8_2021_filtered.R1.fq	/prj/DECODE/ea_analysis/data/reads/R8_2021_filtered.R2.fq
S13_2022	/prj/DECODE/ea_analysis/data/reads/S13_2022_filtered.R1.fq	/prj/DECODE/ea_analysis/data/reads/S13_2022_filtered.R2.fq
S20_2021	/prj/DECODE/ea_analysis/data/reads/S20_2021_filtered.R1.fq	/prj/DECODE/ea_analysis/data/reads/S20_2021_filtered.R2.fq
S20_2022	/prj/DECODE/ea_analysis/data/reads/S20_2022_filtered.R1.fq	/prj/DECODE/ea_analysis/data/reads/S20_2022_filtered.R2.fq
S23_2021	/prj/DECODE/ea_analysis/data/reads/S23_2021_filtered.R1.fq	/prj/DECODE/ea_analysis/data/reads/S23_2021_filtered.R2.fq
S24_2021	/prj/DECODE/ea_analysis/data/reads/S24_2021_filtered.R1.fq	/prj/DECODE/ea_analysis/data/reads/S24_2021_filtered.R2.fq
S25_2021	/prj/DECODE/ea_analysis/data/reads/S25_2021_filtered.R1.fq	/prj/DECODE/ea_analysis/data/reads/S25_2021_filtered.R2.fq
S27_2021	/prj/DECODE/ea_analysis/data/reads/S27_2021_filtered.R1.fq	/prj/DECODE/ea_analysis/data/reads/S27_2021_filtered.R2.fq
S27_2022	/prj/DECODE/ea_analysis/data/reads/S27_2022_filtered.R1.fq	/prj/DECODE/ea_analysis/data/reads/S27_2022_filtered.R2.fq
S28_2022	/prj/DECODE/ea_analysis/data/reads/S28_2022_filtered.R1.fq	/prj/DECODE/ea_analysis/data/reads/S28_2022_filtered.R2.fq
S43_2021	/prj/DECODE/ea_analysis/data/reads/S43_2021_filtered.R1.fq	/prj/DECODE/ea_analysis/data/reads/S43_2021_filtered.R2.fq
S5_2021	/prj/DECODE/ea_analysis/data/reads/S5_2021_filtered.R1.fq	/prj/DECODE/ea_analysis/data/reads/S5_2021_filtered.R2.fq
S52_2021	/prj/DECODE/ea_analysis/data/reads/S52_2021_filtered.R1.fq	/prj/DECODE/ea_analysis/data/reads/S52_2021_filtered.R2.fq
S6_2022	/prj/DECODE/ea_analysis/data/reads/S6_2022_filtered.R1.fq	/prj/DECODE/ea_analysis/data/reads/S6_2022_filtered.R2.fq
T10_2021	/prj/DECODE/ea_analysis/data/reads/T10_2021_filtered.R1.fq	/prj/DECODE/ea_analysis/data/reads/T10_2021_filtered.R2.fq
T10_2023	/prj/DECODE/ea_analysis/data/reads/T10_2023_filtered.R1.fq	/prj/DECODE/ea_analysis/data/reads/T10_2023_filtered.R2.fq
T14_2023	/prj/DECODE/ea_analysis/data/reads/T14_2023_filtered.R1.fq	/prj/DECODE/ea_analysis/data/reads/T14_2023_filtered.R2.fq
T16_2021	/prj/DECODE/ea_analysis/data/reads/T16_2021_filtered.R1.fq	/prj/DECODE/ea_analysis/data/reads/T16_2021_filtered.R2.fq
T19_2021	/prj/DECODE/ea_analysis/data/reads/T19_2021_filtered.R1.fq	/prj/DECODE/ea_analysis/data/reads/T19_2021_filtered.R2.fq
T34_2023	/prj/DECODE/ea_analysis/data/reads/T34_2023_filtered.R1.fq	/prj/DECODE/ea_analysis/data/reads/T34_2023_filtered.R2.fq
T35_2023	/prj/DECODE/ea_analysis/data/reads/T35_2023_filtered.R1.fq	/prj/DECODE/ea_analysis/data/reads/T35_2023_filtered.R2.fq
T52_2021	/prj/DECODE/ea_analysis/data/reads/T52_2021_filtered.R1.fq	/prj/DECODE/ea_analysis/data/reads/T52_2021_filtered.R2.fq
T62_2021	/prj/DECODE/ea_analysis/data/reads/T62_2021_filtered.R1.fq	/prj/DECODE/ea_analysis/data/reads/T62_2021_filtered.R2.fq
U13_2021	/prj/DECODE/ea_analysis/data/reads/U13_2021_filtered.R1.fq	/prj/DECODE/ea_analysis/data/reads/U13_2021_filtered.R2.fq
U33_2021	/prj/DECODE/ea_analysis/data/reads/U33_2021_filtered.R1.fq	/prj/DECODE/ea_analysis/data/reads/U33_2021_filtered.R2.fq
U34_2021	/prj/DECODE/ea_analysis/data/reads/U34_2021_filtered.R1.fq	/prj/DECODE/ea_analysis/data/reads/U34_2021_filtered.R2.fq
U39_2021	/prj/DECODE/ea_analysis/data/reads/U39_2021_filtered.R1.fq	/prj/DECODE/ea_analysis/data/reads/U39_2021_filtered.R2.fq
U44_2023	/prj/DECODE/ea_analysis/data/reads/U44_2023_filtered.R1.fq	/prj/DECODE/ea_analysis/data/reads/U44_2023_filtered.R2.fq
U51_2021	/prj/DECODE/ea_analysis/data/reads/U51_2021_filtered.R1.fq	/prj/DECODE/ea_analysis/data/reads/U51_2021_filtered.R2.fq
X12_2021	/prj/DECODE/ea_analysis/data/reads/X12_2021_filtered.R1.fq	/prj/DECODE/ea_analysis/data/reads/X12_2021_filtered.R2.fq
X4_2021	/prj/DECODE/ea_analysis/data/reads/X4_2021_filtered.R1.fq	/prj/DECODE/ea_analysis/data/reads/X4_2021_filtered.R2.fq
